<?xml version="3.0" encoding="UTF-8" standalone="yes"?>
<addon id="plugin.video.ZadarTeamAddonXXX19"
       name="[COLOR inperial][B]ZADAR TEAM ADDON[/B][/COLOR][COLOR red][B]XXX 18+[/B][/COLOR]"
       version="3.0.0+matrix"
       provider-name="ZTBH">
<requires>
    <import addon="xbmc.python" version="3.0.0"/>
    <import addon="script.module.requests"/>
    <import addon="script.module.simplejson"/>
	<import addon="script.module.kodi-six" />
</requires>  
<extension point="xbmc.python.pluginsource" library="default.py">
	<provides>video</provides>
</extension>   
<extension point="xbmc.addon.metadata">
	 <summary lang="hr">Ovaj add-on ne sadrzi nikakav sadrzaj unutar add-ona vec samo linkove koji vode do strimova. </summary>
    <description lang="hr">Nijedna televizijska stanica ne podržava ovaj dodatak, a pruža se "kakav jest" bez ikakvog jamstva. </description>
    <disclaimer lang="en"></disclaimer>
	<platform>all</platform>
	<assets>
       <icon>icon.png</icon>
       <fanart>fanart.jpg</fanart>
<screenshot>resources/screenshots/home.png</screenshot>
<screenshot>resources/screenshots/movies.png</screenshot>
<screenshot>resources/screenshots/series.png</screenshot>
</assets>
	<news>news
	</news>
</extension>
</addon>