<?xml version="1.0" encoding="UTF-8"?><window>	<defaultcontrol>201</defaultcontrol>	<coordinates>		<left>320</left>		<top>120</top>	</coordinates>	<controls>		<control type="group">			<control type="image">				<left>0</left>				<top>0</top>				<width>1300</width>				<height>700</height>				<texture border="2" colordiffuse="FF997300">Background/ContentPanel.png</texture>			</control>			<control type="image" id="101">				<left>10</left>				<top>30</top>				<width>1270</width>				<height>650</height>				<texture colordiffuse="FF997300" diffuse="Background/details_back_white.png">$INFO[Window().Property(dialog.imagefanart)]</texture>				<colordiffuse>red</colordiffuse>			</control>			<control type="label" id="102">				<description>header label</description>				<posx>150</posx>				<posy>20</posy>				<width>970</width>				<height>40</height>				<font>font13</font>				<label>$INFO[Window().Property(dialog.header)]</label>				<align>center</align>				<aligny>center</aligny>			</control>			<control type="textbox" id="103">				<left>20</left>				<top>70</top>				<width>1200</width>				<height>580</height>				<font>font13</font>				<align>left</align>				<aligny>top</aligny>				<label>$INFO[Window().Property(dialog.textbox)]</label>			</control>		<!--	<control type="image" id="104">				<left>670</left>				<top>70</top>				<width>300</width>				<height>300</height>				<texture>$INFO[Window().Property(dialog.imageicon)]</texture>			</control> -->		</control>		<control type="grouplist">		    <top>622</top>			<left>122</left>			<itemgap>65</itemgap>			<orientation>horizontal</orientation>			<control type="button" id="201">				<left>20</left>				<top>470</top>				<width>310</width>				<height>50</height>				<font>font12</font>				<label>[B]Fresh[/B]</label> <!-- Fresh Install -->				<align>center</align>				<aligny>center</aligny>				<textcolor>FFd22d2d</textcolor>				<focusedcolor>FF19e64d</focusedcolor>				<texturefocus>Button/ok_button_green.png</texturefocus>				<texturenofocus>Button/ok_button_red.png</texturenofocus>				<onleft>203</onleft>				<onright>202</onright>			</control>			<control type="button" id="202">				<left>340</left>				<top>470</top>				<width>310</width>				<height>50</height>				<font>font12</font>				<label>[B]Normal[/B]</label> <!-- Normal Install -->				<align>center</align>				<aligny>center</aligny>				<textcolor>FFd22d2d</textcolor>				<focusedcolor>FF19e64d</focusedcolor>				<texturefocus>Button/ok_button_green.png</texturefocus>				<texturenofocus>Button/ok_button_red.png</texturenofocus>				<onleft>201</onleft>				<onright>203</onright>			</control>			<control type="button" id="203">				<left>660</left>				<top>470</top>				<width>310</width>				<height>50</height>				<font>font12</font>				<textoffsetx>20</textoffsetx>				<label>[B]Delay[/B]</label> <!-- Delay Update -->				<align>center</align>				<aligny>center</aligny>				<textcolor>FFd22d2d</textcolor>				<focusedcolor>FF19e64d</focusedcolor>				<texturefocus>Button/ok_button_green.png</texturefocus>				<texturenofocus>Button/ok_button_red.png</texturenofocus>				<onleft>202</onleft>				<onright>201</onright>			</control>		</control>	</controls></window>