<?xml version="1.0" encoding="UTF-8"?><window>	<defaultcontrol>201</defaultcontrol>	<coordinates>		<left>380</left>		<top>155</top>	</coordinates>	<controls>		<control type="group">			<control type="image">				<posx>-380</posx>				<posy>-650</posy>				<width>1920</width>				<height>1680</height>				<texture border="2" colordiffuse="black">Background/shadow_mask_v.png</texture>			</control>			<control type="image">				<left>0</left>				<top>0</top>				<width>1100</width>				<height>570</height>				<texture colordiffuse="FF997300">Background/ContentPanel.png</texture>			</control>			<control type="image" id="101">				<left>10</left>				<top>30</top>				<width>1070</width>				<height>510</height>				<texture border="2" diffuse="Background/details_back_white.png" colordiffuse="8A997300">Background/wall.jpg</texture>			</control>			<control type="label" id="102">				<description>header label</description>				<posx>100</posx>				<posy>30</posy>				<width>860</width>				<height>40</height>				<font>font15</font>				<label/>				<align>center</align>				<aligny>center</aligny>			</control>			<control type="textbox" id="103">				<left>20</left>				<top>100</top>				<width>1080</width>				<height>380</height>				<font>font12</font>				<align>center</align>				<aligny>top</aligny>			</control>		</control>		<control type="group">			<top>200</top>			<control type="button" id="201">				<left>250</left>				<top>290</top>				<width>270</width>				<height>50</height>				<font>font12</font>				<label>Build Menu</label>				<align>right</align>				<aligny>center</aligny>				<textcolor>FFd22d2d</textcolor>				<focusedcolor>FF19e64d</focusedcolor>				<texturefocus colordiffuse="FFa6a6a6" flipx="true">Button/green.png</texturefocus>				<texturenofocus colordiffuse="FFa6a6a6" flipx="true">Button/red.png</texturenofocus>				<onleft>202</onleft>				<onright>202</onright>			</control>			<control type="button" id="202">				<left>570</left>				<top>290</top>				<width>270</width>				<height>50</height>				<font>font12</font>				<textoffsetx>20</textoffsetx>				<label>Ignore</label>				<align>left</align>				<aligny>center</aligny>				<textcolor>FFd22d2d</textcolor>				<focusedcolor>FF19e64d</focusedcolor>				<texturefocus colordiffuse="FFa6a6a6">Button/green.png</texturefocus>				<texturenofocus colordiffuse="FFa6a6a6">Button/red.png</texturenofocus>				<onleft>201</onleft>				<onright>201</onright>			</control>		</control>	</controls></window>