<?xml version="1.0" encoding="UTF-8"?><window>	<coordinates>		<left>250</left>		<top>51</top>	</coordinates>	<controls>		<control type="group">			<control type="image">				<posx>-250</posx>				<posy>-650</posy>				<width>1920</width>				<height>1680</height>				<texture border="2" colordiffuse="FF000000">Background/shadow_mask_v.png</texture>			</control>			<control type="image">				<description>Background Image</description>				<posx>0</posx>				<posy>0</posy>				<width>1420</width>				<height>900</height>				<texture border="2" colordiffuse="FF997300">Background/ContentPanel.png</texture>			</control>			<control type="image">				<description>Background Image</description>				<posx>0</posx>				<posy>166</posy>				<width>1320</width>				<height>600</height>				<aspectratio>keep</aspectratio>				<texture border="2" colordiffuse="40737373">Background/icon.png</texture>				<animation effect="fade" start="100" end="40" time="4000" pulse="true" condition="true">Conditional</animation>			</control>			<control type="label" id="101">				<description>header label</description>				<left>570</left>				<top>50</top>				<height>20</height>				<width>650</width>				<font>font15</font>				<textcolor>green</textcolor>				<label/>				<shadowcolor>FF000000</shadowcolor>			</control>			<control type="textbox" id="102">				<top>80</top>				<left>100</left>				<width>1210</width>				<height>80</height>				<font>font12</font>				<align>center</align>				<label>[B]$ADDON[plugin.program.PLTW 32240][/B]</label>			</control>		</control>		<!-- Scrollbar  -->		<control type="scrollbar" id="17">			<left>630</left>			<top>139</top>			<width>15</width>			<height>560</height>			<visible>true</visible>			<texturesliderbarfocus colordiffuse="99ffffff" border="4">scrollbar.png</texturesliderbarfocus>			<pulseonselect>True</pulseonselect>			<orientation>vertical</orientation>			<showonepage>False</showonepage>			<onleft>9000</onleft>		</control>		<control type="grouplist" id="9000">			<left>20</left>			<top>175</top>			<width>1390</width>			<height>770</height>			<itemgap>-3</itemgap>			<align>top</align>			<pagecontrol>17</pagecontrol>			<orientation>vertical</orientation>			<onup>201</onup>			<ondown>201</ondown>			<onleft>201</onleft>			<onright>17</onright>			<control type="radiobutton" id="301">				<width>1380</width>				<height>50</height>				<textwidth>1000</textwidth>				<textoffsetx>10</textoffsetx>				<radioheight>35</radioheight>				<radioposx>1270</radioposx>				<label>[COLOR FF00e6e6][B]¦»[/B][/COLOR] $ADDON[plugin.program.PLTW 32202]</label>				<font>font14</font>				<focusedcolor>FFff8c1a</focusedcolor>				<texturefocus colordiffuse="FF12B2E7">RadioButton/MenuItemFO.png</texturefocus>				<texturenofocus>RadioButton/MenuItemNF.png</texturenofocus>				<textureradioonfocus colordiffuse="FF12B2E7">RadioButton/radiobutton-focus.png</textureradioonfocus>				<textureradioonnofocus colordiffuse="">RadioButton/radiobutton-focus.png</textureradioonnofocus>				<textureradioofffocus colordiffuse="FF12B2E7">RadioButton/radiobutton-nofocus.png</textureradioofffocus>				<textureradiooffnofocus>RadioButton/radiobutton-nofocus.png</textureradiooffnofocus>			</control>			<control type="radiobutton" id="302">				<width>1380</width>				<height>50</height>				<textwidth>1000</textwidth>				<textoffsetx>10</textoffsetx>				<radioheight>35</radioheight>				<radioposx>1270</radioposx>				<label>[COLOR FF00e6e6][B]¦»[/B][/COLOR] $ADDON[plugin.program.PLTW 32204]</label>				<font>font14</font>				<focusedcolor>FFff8c1a</focusedcolor>				<texturefocus colordiffuse="FF12B2E7">RadioButton/MenuItemFO.png</texturefocus>				<texturenofocus>RadioButton/MenuItemNF.png</texturenofocus>				<textureradioonfocus colordiffuse="FF12B2E7">RadioButton/radiobutton-focus.png</textureradioonfocus>				<textureradioonnofocus colordiffuse="">RadioButton/radiobutton-focus.png</textureradioonnofocus>				<textureradioofffocus colordiffuse="FF12B2E7">RadioButton/radiobutton-nofocus.png</textureradioofffocus>				<textureradiooffnofocus>RadioButton/radiobutton-nofocus.png</textureradiooffnofocus>			</control>			<control type="radiobutton" id="303">				<width>1380</width>				<height>50</height>				<textwidth>1000</textwidth>				<textoffsetx>10</textoffsetx>				<radioheight>35</radioheight>				<radioposx>1270</radioposx>				<label>[COLOR FF00e6e6][B]¦»[/B][/COLOR] $ADDON[plugin.program.PLTW 32206]</label>				<font>font14</font>				<focusedcolor>FFff8c1a</focusedcolor>				<texturefocus colordiffuse="FF12B2E7">RadioButton/MenuItemFO.png</texturefocus>				<texturenofocus>RadioButton/MenuItemNF.png</texturenofocus>				<textureradioonfocus colordiffuse="FF12B2E7">RadioButton/radiobutton-focus.png</textureradioonfocus>				<textureradioonnofocus colordiffuse="">RadioButton/radiobutton-focus.png</textureradioonnofocus>				<textureradioofffocus colordiffuse="FF12B2E7">RadioButton/radiobutton-nofocus.png</textureradioofffocus>				<textureradiooffnofocus>RadioButton/radiobutton-nofocus.png</textureradiooffnofocus>			</control>			<control type="radiobutton" id="304">				<width>1380</width>				<height>50</height>				<textwidth>1000</textwidth>				<textoffsetx>10</textoffsetx>				<radioheight>35</radioheight>				<radioposx>1270</radioposx>				<label>[COLOR FF00e6e6][B]¦»[/B][/COLOR] $ADDON[plugin.program.PLTW 32210]</label>				<font>font14</font>				<focusedcolor>FFff8c1a</focusedcolor>				<texturefocus colordiffuse="FF12B2E7">RadioButton/MenuItemFO.png</texturefocus>				<texturenofocus>RadioButton/MenuItemNF.png</texturenofocus>				<textureradioonfocus colordiffuse="FF12B2E7">RadioButton/radiobutton-focus.png</textureradioonfocus>				<textureradioonnofocus colordiffuse="">RadioButton/radiobutton-focus.png</textureradioonnofocus>				<textureradioofffocus colordiffuse="FF12B2E7">RadioButton/radiobutton-nofocus.png</textureradioofffocus>				<textureradiooffnofocus>RadioButton/radiobutton-nofocus.png</textureradiooffnofocus>			</control>			<control type="radiobutton" id="305">				<width>1380</width>				<height>50</height>				<textwidth>1000</textwidth>				<textoffsetx>10</textoffsetx>				<radioheight>35</radioheight>				<radioposx>1270</radioposx>				<label>[COLOR FF00e6e6][B]¦»[/B][/COLOR] $ADDON[plugin.program.PLTW 32211]</label>				<font>font14</font>				<focusedcolor>FFff8c1a</focusedcolor>				<texturefocus colordiffuse="FF12B2E7">RadioButton/MenuItemFO.png</texturefocus>				<texturenofocus>RadioButton/MenuItemNF.png</texturenofocus>				<textureradioonfocus colordiffuse="FF12B2E7">RadioButton/radiobutton-focus.png</textureradioonfocus>				<textureradioonnofocus colordiffuse="">RadioButton/radiobutton-focus.png</textureradioonnofocus>				<textureradioofffocus colordiffuse="FF12B2E7">RadioButton/radiobutton-nofocus.png</textureradioofffocus>				<textureradiooffnofocus>RadioButton/radiobutton-nofocus.png</textureradiooffnofocus>			</control>			<control type="radiobutton" id="314">				<width>1380</width>				<height>50</height>				<textwidth>1000</textwidth>				<textoffsetx>10</textoffsetx>				<radioheight>35</radioheight>				<radioposx>1270</radioposx>				<label>[COLOR FF00e6e6][B]¦»[/B][/COLOR] $ADDON[plugin.program.PLTW 32212]</label>				<font>font14</font>				<focusedcolor>FFff8c1a</focusedcolor>				<texturefocus colordiffuse="FF12B2E7">RadioButton/MenuItemFO.png</texturefocus>				<texturenofocus>RadioButton/MenuItemNF.png</texturenofocus>				<textureradioonfocus colordiffuse="FF12B2E7">RadioButton/radiobutton-focus.png</textureradioonfocus>				<textureradioonnofocus colordiffuse="">RadioButton/radiobutton-focus.png</textureradioonnofocus>				<textureradioofffocus colordiffuse="FF12B2E7">RadioButton/radiobutton-nofocus.png</textureradioofffocus>				<textureradiooffnofocus>RadioButton/radiobutton-nofocus.png</textureradiooffnofocus>			</control>			<control type="radiobutton" id="315">				<width>1380</width>				<height>50</height>				<textwidth>1000</textwidth>				<textoffsetx>10</textoffsetx>				<radioheight>35</radioheight>				<radioposx>1270</radioposx>				<label>[COLOR FF00e6e6][B]¦»[/B][/COLOR] $ADDON[plugin.program.PLTW 32213]</label>				<font>font14</font>				<focusedcolor>FFff8c1a</focusedcolor>				<texturefocus colordiffuse="FF12B2E7">RadioButton/MenuItemFO.png</texturefocus>				<texturenofocus>RadioButton/MenuItemNF.png</texturenofocus>				<textureradioonfocus colordiffuse="FF12B2E7">RadioButton/radiobutton-focus.png</textureradioonfocus>				<textureradioonnofocus colordiffuse="">RadioButton/radiobutton-focus.png</textureradioonnofocus>				<textureradioofffocus colordiffuse="FF12B2E7">RadioButton/radiobutton-nofocus.png</textureradioofffocus>				<textureradiooffnofocus>RadioButton/radiobutton-nofocus.png</textureradiooffnofocus>			</control>			<control type="radiobutton" id="306">				<width>1380</width>				<height>50</height>				<textwidth>1000</textwidth>				<textoffsetx>10</textoffsetx>				<radioheight>35</radioheight>				<radioposx>1270</radioposx>				<label>[COLOR FF00e6e6][B]¦»[/B][/COLOR] $ADDON[plugin.program.PLTW 32214]</label>				<font>font14</font>				<focusedcolor>FFff8c1a</focusedcolor>				<texturefocus colordiffuse="FF12B2E7">RadioButton/MenuItemFO.png</texturefocus>				<texturenofocus>RadioButton/MenuItemNF.png</texturenofocus>				<textureradioonfocus colordiffuse="FF12B2E7">RadioButton/radiobutton-focus.png</textureradioonfocus>				<textureradioonnofocus colordiffuse="">RadioButton/radiobutton-focus.png</textureradioonnofocus>				<textureradioofffocus colordiffuse="FF12B2E7">RadioButton/radiobutton-nofocus.png</textureradioofffocus>				<textureradiooffnofocus>RadioButton/radiobutton-nofocus.png</textureradiooffnofocus>			</control>			<control type="radiobutton" id="307">				<width>1380</width>				<height>50</height>				<textwidth>1000</textwidth>				<textoffsetx>10</textoffsetx>				<radioheight>35</radioheight>				<radioposx>1270</radioposx>				<label>[COLOR FF00e6e6][B]¦»[/B][/COLOR] $ADDON[plugin.program.PLTW 32209]</label>				<font>font14</font>				<focusedcolor>FFff8c1a</focusedcolor>				<texturefocus colordiffuse="FF12B2E7">RadioButton/MenuItemFO.png</texturefocus>				<texturenofocus>RadioButton/MenuItemNF.png</texturenofocus>				<textureradioonfocus colordiffuse="FF12B2E7">RadioButton/radiobutton-focus.png</textureradioonfocus>				<textureradioonnofocus colordiffuse="">RadioButton/radiobutton-focus.png</textureradioonnofocus>				<textureradioofffocus colordiffuse="FF12B2E7">RadioButton/radiobutton-nofocus.png</textureradioofffocus>				<textureradiooffnofocus>RadioButton/radiobutton-nofocus.png</textureradiooffnofocus>			</control>			<control type="radiobutton" id="308">				<width>1380</width>				<height>50</height>				<textwidth>1000</textwidth>				<textoffsetx>10</textoffsetx>				<radioheight>35</radioheight>				<radioposx>1270</radioposx>				<label>[COLOR FF00e6e6][B]¦»[/B][/COLOR] $ADDON[plugin.program.PLTW 32216]</label>				<font>font14</font>				<focusedcolor>FFff8c1a</focusedcolor>				<texturefocus colordiffuse="FF12B2E7">RadioButton/MenuItemFO.png</texturefocus>				<texturenofocus>RadioButton/MenuItemNF.png</texturenofocus>				<textureradioonfocus colordiffuse="FF12B2E7">RadioButton/radiobutton-focus.png</textureradioonfocus>				<textureradioonnofocus colordiffuse="">RadioButton/radiobutton-focus.png</textureradioonnofocus>				<textureradioofffocus colordiffuse="FF12B2E7">RadioButton/radiobutton-nofocus.png</textureradioofffocus>				<textureradiooffnofocus>RadioButton/radiobutton-nofocus.png</textureradiooffnofocus>			</control>			<control type="radiobutton" id="309">				<width>1380</width>				<height>50</height>				<textwidth>1000</textwidth>				<textoffsetx>10</textoffsetx>				<radioheight>35</radioheight>				<radioposx>1270</radioposx>				<label>[COLOR FF00e6e6][B]¦»[/B][/COLOR] $ADDON[plugin.program.PLTW 32215]</label>				<font>font14</font>				<focusedcolor>FFff8c1a</focusedcolor>				<texturefocus colordiffuse="FF12B2E7">RadioButton/MenuItemFO.png</texturefocus>				<texturenofocus>RadioButton/MenuItemNF.png</texturenofocus>				<textureradioonfocus colordiffuse="FF12B2E7">RadioButton/radiobutton-focus.png</textureradioonfocus>				<textureradioonnofocus colordiffuse="">RadioButton/radiobutton-focus.png</textureradioonnofocus>				<textureradioofffocus colordiffuse="FF12B2E7">RadioButton/radiobutton-nofocus.png</textureradioofffocus>				<textureradiooffnofocus>RadioButton/radiobutton-nofocus.png</textureradiooffnofocus>			</control>			<control type="radiobutton" id="310">				<width>1380</width>				<height>50</height>				<textwidth>1000</textwidth>				<textoffsetx>10</textoffsetx>				<radioheight>35</radioheight>				<radioposx>1270</radioposx>				<label>[COLOR FF00e6e6][B]¦»[/B][/COLOR] $ADDON[plugin.program.PLTW 32217]</label>				<font>font14</font>				<focusedcolor>FFff8c1a</focusedcolor>				<texturefocus colordiffuse="FF12B2E7">RadioButton/MenuItemFO.png</texturefocus>				<texturenofocus>RadioButton/MenuItemNF.png</texturenofocus>				<textureradioonfocus colordiffuse="FF12B2E7">RadioButton/radiobutton-focus.png</textureradioonfocus>				<textureradioonnofocus colordiffuse="">RadioButton/radiobutton-focus.png</textureradioonnofocus>				<textureradioofffocus colordiffuse="FF12B2E7">RadioButton/radiobutton-nofocus.png</textureradioofffocus>				<textureradiooffnofocus>RadioButton/radiobutton-nofocus.png</textureradiooffnofocus>			</control>			<control type="radiobutton" id="311">				<width>1380</width>				<height>50</height>				<textwidth>1000</textwidth>				<textoffsetx>10</textoffsetx>				<radioheight>35</radioheight>				<radioposx>1270</radioposx>				<label>[COLOR FF00e6e6][B]¦»[/B][/COLOR] $ADDON[plugin.program.PLTW 32092]</label>				<font>font14</font>				<focusedcolor>FFff8c1a</focusedcolor>				<texturefocus colordiffuse="FF12B2E7">RadioButton/MenuItemFO.png</texturefocus>				<texturenofocus>RadioButton/MenuItemNF.png</texturenofocus>				<textureradioonfocus colordiffuse="FF12B2E7">RadioButton/radiobutton-focus.png</textureradioonfocus>				<textureradioonnofocus colordiffuse="">RadioButton/radiobutton-focus.png</textureradioonnofocus>				<textureradioofffocus colordiffuse="FF12B2E7">RadioButton/radiobutton-nofocus.png</textureradioofffocus>				<textureradiooffnofocus>RadioButton/radiobutton-nofocus.png</textureradiooffnofocus>			</control>			<control type="radiobutton" id="312">				<width>1380</width>				<height>50</height>				<textwidth>1000</textwidth>				<textoffsetx>10</textoffsetx>				<radioheight>35</radioheight>				<radioposx>1270</radioposx>				<label>[COLOR FF00e6e6][B]¦»[/B][/COLOR] $ADDON[plugin.program.PLTW 32093]</label>				<font>font14</font>				<focusedcolor>FFff8c1a</focusedcolor>				<texturefocus colordiffuse="FF12B2E7">RadioButton/MenuItemFO.png</texturefocus>				<texturenofocus>RadioButton/MenuItemNF.png</texturenofocus>				<textureradioonfocus colordiffuse="FF12B2E7">RadioButton/radiobutton-focus.png</textureradioonfocus>				<textureradioonnofocus colordiffuse="">RadioButton/radiobutton-focus.png</textureradioonnofocus>				<textureradioofffocus colordiffuse="FF12B2E7">RadioButton/radiobutton-nofocus.png</textureradioofffocus>				<textureradiooffnofocus>RadioButton/radiobutton-nofocus.png</textureradiooffnofocus>			</control>			<control type="radiobutton" id="313">				<width>1380</width>				<height>50</height>				<textwidth>1000</textwidth>				<textoffsetx>10</textoffsetx>				<radioheight>35</radioheight>				<radioposx>1270</radioposx>				<label>[COLOR FF00e6e6][B]¦»[/B][/COLOR] $ADDON[plugin.program.PLTW 32094]</label>				<font>font14</font>				<focusedcolor>FFff8c1a</focusedcolor>				<texturefocus colordiffuse="FF12B2E7">RadioButton/MenuItemFO.png</texturefocus>				<texturenofocus>RadioButton/MenuItemNF.png</texturenofocus>				<textureradioonfocus colordiffuse="FF12B2E7">RadioButton/radiobutton-focus.png</textureradioonfocus>				<textureradioonnofocus colordiffuse="">RadioButton/radiobutton-focus.png</textureradioonnofocus>				<textureradioofffocus colordiffuse="FF12B2E7">RadioButton/radiobutton-nofocus.png</textureradioofffocus>				<textureradiooffnofocus>RadioButton/radiobutton-nofocus.png</textureradiooffnofocus>			</control>		</control>		<control type="group" id="9001">			<left>170</left>			<top>152</top>			<control type="button" id="201">				<left>555</left>				<top>742</top>				<width>300</width>				<height>40</height>				<font>font13</font>				<label>Continue</label>				<align>center</align>				<aligny>center</aligny>				<onup>9000</onup>				<ondown>9000</ondown>				<onleft>202</onleft>				<onright>202</onright>				<textcolor>FFd22d2d</textcolor>				<focusedcolor>FF19e64d</focusedcolor>				<texturefocus>Button/green.png</texturefocus>				<texturenofocus>Button/red.png</texturenofocus>			</control>			<control type="button" id="202">				<left>250</left>				<top>742</top>				<width>300</width>				<height>40</height>				<font>font13</font>				<label>Close</label>				<align>center</align>				<aligny>center</aligny>				<onup>9000</onup>				<ondown>9000</ondown>				<onleft>201</onleft>				<onright>201</onright>				<onclick>Close</onclick>				<textcolor>FFd22d2d</textcolor>				<focusedcolor>FF19e64d</focusedcolor>				<texturefocus flipx="true">Button/green.png</texturefocus>				<texturenofocus flipx="true">Button/red.png</texturenofocus>			</control>		</control>	</controls></window>