<?xml version="1.0" encoding="UTF-8"?><window>	<coordinates>		<left>350</left>		<top>145</top>	</coordinates>	<controls>		<animation type="WindowOpen" reversible="false">			<effect type="zoom" start="80" end="100" center="960,540" delay="10" tween="back" time="0"/>			<effect type="fade" delay="160" end="100" time="0"/>		</animation>		<animation type="WindowClose" reversible="false">			<effect type="zoom" start="100" end="80" center="960,540" easing="in" tween="back" time="0"/>			<effect type="fade" start="100" end="0" time="0"/>		</animation>		<control type="image">			<posx>-350</posx>			<posy>-650</posy>			<width>1920</width>			<height>1680</height>			<animation effect="fade" start="0" end="100" time="10">WindowOpen</animation>			<animation effect="fade" start="100" end="0" time="10">WindowClose</animation>			<texture border="2" colordiffuse="FF000000">Background/shadow_mask_v.png</texture>		</control>		<control type="image">			<left>0</left>			<top>0</top>			<width>1230</width>			<height>700</height>			<texture border="2" colordiffuse="FF997300">Background/ContentPanel.png</texture>		</control>		<control type="image">			<description>Background Image</description>			<posx>224</posx>			<posy>116</posy>			<width>1270</width>			<height>560</height>			<aspectratio>keep</aspectratio>			<texture border="2" colordiffuse="40737373">Background/icon.png</texture>			<animation effect="fade" start="100" end="55" time="4000" pulse="true" condition="true">Conditional</animation>		</control>		<control type="image">			<left>0</left>			<top>0</top>			<width>1000</width>			<height>70</height>			<texture colordiffuse="FF12B2E7" border="2"/>		</control>		<control type="label" id="504">			<textoffsetx>70</textoffsetx>			<left>-230</left>			<top>20</top>			<width>1000</width>			<height>70</height>			<font>font15</font>			<align>center</align>			<aligny>center</aligny>			<textcolor>FF33cc33</textcolor>			<shadowcolor>FF000000</shadowcolor>		</control>		<control type="image" id="501">			<left>20</left>			<top>85</top>			<width>500</width>			<height>500</height>			<aspectratio aligny="center" align="center">keep</aspectratio>		</control>		<control type="image">			<left>4</left>			<top>72</top>			<width>530</width>			<height>525</height>			<texture border="2" colordiffuse="80737373">Button/border.png</texture>		</control>		<control type="textbox" id="502">			<left>560</left>			<top>85</top>			<width>630</width>			<height>320</height>			<font>font13</font>			<align>center</align>			<aligny>top</aligny>			<shadowcolor>FF000000</shadowcolor>		</control>		<control type="textbox">			<left>560</left>			<top>160</top>			<width>650</width>			<height>520</height>			<font>font13</font>			<align>center</align>			<aligny>center</aligny>			<label>[COLOR FF33cc33][B]=====================================[/B][/COLOR][CR]$ADDON[plugin.program.PLTW 32244]</label>			<shadowcolor>FF000000</shadowcolor>		</control>		<control type="button" id="503">			<left>480</left>			<top>640</top>			<width>320</width>			<height>45</height>			<font>font12_title</font>			<textoffsetx>20</textoffsetx>			<label>15067</label>			<align>center</align>			<aligny>center</aligny>			<textcolor>FFd22d2d</textcolor>			<focusedcolor>FF19e64d</focusedcolor>			<texturefocus flipx="true">Button/ok_button_green.png</texturefocus>			<texturenofocus flipx="true">Button/ok_button_red.png</texturenofocus>		</control>	</controls></window>