<?xml version="1.0" encoding="UTF-8"?><window>	<coordinates>		<left>110</left>		<top>55</top>	</coordinates>	<controls>		<control type="group">			<control type="image">				<posx>-110</posx>				<posy>-650</posy>				<width>1920</width>				<height>1680</height>				<texture border="2" colordiffuse="black">Background/shadow_mask_v.png</texture>			</control>			<control type="image">				<left>0</left>				<top>0</top>				<width>1700</width>				<height>970</height>				<texture colordiffuse="FF997300">Background/ContentPanel.png</texture>			</control>			<control type="image" id="101">				<left>110</left>				<top>210</top>				<width>1</width>				<height>1</height>				<texture/>			</control>			<control type="label" id="102">				<posx>20</posx>				<posy>30</posy>				<width>1660</width>				<height>60</height>				<font>font14</font>				<label/>				<align>center</align>				<aligny>center</aligny>				<visible>Skin.String(headertexttype)</visible>			</control>			<control type="image" id="103">				<left>30</left>				<top>75</top>				<width>1600</width>				<height>870</height>				<texture border="2" diffuse="Background/details_back_white.png" colordiffuse="8A997300">Background/wall.jpg</texture>				<!--<visible>Skin.String(headerimagetype)</visible>-->			</control>			<control type="textbox" id="104">				<left>20</left>				<top>90</top>				<width>1640</width>				<height>790</height>				<font>font11</font>				<align>left</align>				<aligny>top</aligny>				<colordiffuse>FFFF00FF</colordiffuse>				<pagecontrol>105</pagecontrol>			</control>			<control type="scrollbar" id="105">				<!--<left>1660</left>				<top>90</top>				<width>30</width>				<height>790</height>				<subtype>text</subtype>				<visible>true</visible>				<texturesliderbackground>Button/scrollbar-V-background.png</texturesliderbackground>				<texturesliderbar>Button/scrollbar-V.png</texturesliderbar>				<texturesliderbarfocus colordiffuse="FF12B2E7">Button/scrollbar-V-focus.png</texturesliderbarfocus>				<orientation>vertical</orientation>				<showonepage>true</showonepage>				<onup>201</onup>				<ondown>201</ondown>				<onleft>201</onleft>				<onright>201</onright>--></control></control>		<control type="grouplist">			<orientation>horizontal</orientation>			<top>890</top>			<left>1400r</left>			<itemgap>30</itemgap>			<control type="button" id="201">				<width>350</width>				<height>60</height>				<font>font12</font>				<textoffsetx>20</textoffsetx>				<label>Dismiss</label>				<align>right</align>				<aligny>center</aligny>				<textcolor>FFd22d2d</textcolor>				<focusedcolor>FF19e64d</focusedcolor>				<texturefocus colordiffuse="FFa6a6a6" flipx="true">Button/green.png</texturefocus>				<texturenofocus colordiffuse="FFa6a6a6" flipx="true">Button/red.png</texturenofocus>				<onleft>202</onleft>				<onright>202</onright>				<onup>105</onup>				<ondown>105</ondown>			</control>			<control type="button" id="202">				<width>350</width>				<height>60</height>				<font>font12</font>				<textoffsetx>20</textoffsetx>				<label>Remind Me Later</label>				<align>left</align>				<aligny>center</aligny>				<textcolor>FFd22d2d</textcolor>				<focusedcolor>FF19e64d</focusedcolor>				<texturefocus colordiffuse="FFa6a6a6">Button/green.png</texturefocus>				<texturenofocus colordiffuse="FFa6a6a6">Button/red.png</texturenofocus>				<onleft>201</onleft>				<onright>201</onright>				<onup>105</onup>				<ondown>105</ondown>			</control>		</control>	</controls></window>