<?xml version="1.0" encoding="UTF-8" standalone="yes"?>

				<!--// Angel TV \\-->
				
<addon 
		id="plugin.video.AngeloZadar" 
		name="[COLOR=purple]Angelo[/COLOR] [COLOR white]Zadar[/COLOR]" 
		version="1.0.0" 
		provider-name="AaNnGgEeL">
	  <requires>
		<import addon="xbmc.python" version="2.1.0"/>
		<import addon="script.module.t0mm0.common" version="2.0.0"/>
		<import addon="script.module.beautifulsoup" version="3.2.1"/>
		<import addon="script.module.simple.downloader" version="0.9.4"/>
		<import addon="script.module.beautifulsoup4" />
		<import addon="script.module.simple.downloader" version="0.9.4"/>
		<import addon="script.module.requests" />
		<import addon="script.module.httplib2" />
		<import addon="script.module.youtube.dl" optional="true"/>
		<import addon="plugin.video.youtube" version="3.0.0"/>
		<import addon="script.module.urlresolver" />
		<import addon="script.module.simplejson" /> 
		<import addon="script.common.plugin.cache" version="2.5.2"/>
		<import addon="script.module.metahandler" version="2.5.1"/>
	  </requires>
			<extension point="xbmc.python.pluginsource" library="default.py">
				<provides>video</provides>
			</extension>
		<extension point="xbmc.addon.metadata"> 
			<summary lang="hr_HR">Ovoj add-on koristi linkovi koi vodat do strimovi prevzemeni od internet </summary>
			<summary lang="en_GB">Ovaj add-on ne sadrzi nikakav sadrzaj unutar add-ona vec samo linkove koji vode do strimova </summary>
			<description lang="hr_HR">Angelo Zadar od Angel M. (Makedonija) </description>
			<description lang="en_GB">Angelo Zadar by Angel M. (Macedonia) </description>
			<news lang="hr_HR"> Uzivajte vo gledanjeto na kanalite ! </news>
			<news lang="en_GB"> Uzivajte u gledanju tv ! </news>		
			<disclaimer lang="hr_HR">Avtorot na ovoj add-on se ograduva od sodrzinite emituvani na tv kanalite i ne se vo negova sopstvenost ! UZIVAJTE. </disclaimer>
			<disclaimer lang="en_GB">Avtorot na ovoj add-on se ograduva od sodrzinite emituvani na tv kanalite i ne se vo negova sopstvenost ! UZIVAJTE. </disclaimer>
		<platform>all</platform>
		<website>http://zadarbuild.com.hr</website>
  </extension>
</addon>