<?xml version="1.0" encoding="UTF-8"?>
<addon
  id="pvr.zadarteam"
  version="0.0.13zd"
  name="ZadarTeam Client"
  provider-name="Zadar Team">
  <requires>
<import addon="kodi.binary.global.main" version="1.0.14"/>
<import addon="kodi.binary.instance.pvr" version="5.10.3"/></requires>
  <extension
    point="xbmc.pvrclient"
    library_windows="pvr.stalker.dll"/>
  <extension point="xbmc.addon.metadata">
    <summary lang="de_DE">PVR Client um Kodi mit ZadarTeam Middleware zu verbinden</summary>
    <summary lang="en_GB">PVR Client to connect Kodi to ZadarTeam Middleware</summary>
    <summary lang="hr_HR">PVR klijent za povezivanje Kodija na ZadarTeam Middleware</summary>
    <summary lang="hu_HU">PVR ügyfél, ami összeköti a Kodit a ZadarTeam köztes réteggel</summary>
    <summary lang="it_IT">Client PVR per connettere Kodi a ZadarTeam Middleware</summary>
    <summary lang="sl_SI">Odjemalec PVC, s katerim se Kodi poveže s ZadarTeam Middleware</summary>
    <summary lang="sr_RS">PVR Клијент за повезивање Kodi са ZadarTeam Middleware</summary>
    <summary lang="sr_RS@latin">PVR Klijent za povezivanje Kodi sa ZadarTeam Middleware</summary>
    <description lang="de_DE">PVR Client um Kodi mit ZadarTeam Middleware zu verbinden</description>
    <description lang="en_GB">PVR Client to connect Kodi to ZadarTeam Middleware</description>
    <description lang="hr_HR">PVR klijent za povezivanje Kodija na ZadarTeam Middleware</description>
    <description lang="hu_HU">PVR ügyfél, ami összeköti a Kodit a ZadarTeam köztes réteggel</description>
    <description lang="it_IT">Client PVR per connettere Kodi a ZadarTeam Middleware</description>
    <description lang="sl_SI">Odjemalec PVC, s katerim se Kodi poveže s ZadarTeam Middleware</description>
    <description lang="sr_RS">PVR Клијент за повезивање Kodi са ZadarTeam Middleware</description>
    <description lang="sr_RS@latin">PVR Klijent za povezivanje Kodi sa ZadarTeam Middleware</description>
    <disclaimer lang="de_DE">Dies ist instabile Software! Die Autoren sind in keiner Weise verantwortlich für fehlgeschlagene Aufnahmen, falsche Timer, verschwendete Zeit oder andere ungewünschte Effekte.</disclaimer>
    <disclaimer lang="en_GB">This is unstable software! The authors are in no way responsible for failed recordings, incorrect timers, wasted hours, or any other undesirable effects..</disclaimer>
    <disclaimer lang="hr_HR">Ovo je nestabilan softver! Autori nisu ni na koji način odgovorni za neuspjelo snimanje, netočna vremena snimanja, izgubljene sate, ili bilo koje druge nepoželjne učinke.</disclaimer>
    <disclaimer lang="hu_HU">Ez nem stabil szoftver! A készítők nem vállalnak felelősséget, a hibás felvételért, rossz időzítésért, elvesztegetett időért...</disclaimer>
    <disclaimer lang="it_IT">Questo software è instabile! Gli autori non sono in alcun modo responsabile per le fallite registrazioni, timer non corretti, ore perse o qualsiasi altro effetto non desiderato...</disclaimer>
    <disclaimer lang="mk_MK">Ова е нестабилен софтвер! Авторите на ниту еден начин не одговараат за неуспешни снимки, неточни тајмери, потрошени часови, или било кои други несакани ефекти.</disclaimer>
    <disclaimer lang="sl_SI">To je nestabilna programska oprema! Avtorji niso odgovorni za neuspela snemanja, nepravilne časovnike, zapravljen čas in katerikoli drug neželen učinek...</disclaimer>
    <disclaimer lang="sr_RS">Овај софтвер је нестабилан! Аутори ни на који начин нису одговорни за неуспела снимања, неисправне тајмере, изгубљене сате, или било које друге нежељене ефекте.</disclaimer>
    <disclaimer lang="sr_RS@latin">Ovaj softver je nestabilan! Autori ni na koji način nisu odgovorni za neuspela snimanja, neispravne tajmere, izgubljene sate, ili bilo koje druge neželjene efekte.</disclaimer>
    <platform>windows-x86_64</platform>
  </extension>
</addon>
