<?xml version="1.0" encoding="UTF-8" standalone="yes"?>
<addon id="repository.ZadarHRrepo" name=".[COLOR blue]ZadarHR[/COLOR] repo" version="1.3.8.0" provider-name="ZDtim">
	<extension point="xbmc.addon.repository" name="ZadarHRrepo">
		<dir>
			<info compressed="false">https://raw.githubusercontent.com/totalrevolution/python-koding/master/zips/addons.xml</info>
			<checksum>https://raw.githubusercontent.com/totalrevolution/python-koding/master/zips/addons.xml.md5</checksum>
			<datadir zip="true">https://raw.githubusercontent.com/totalrevolution/python-koding/master/zips/</datadir>
		</dir>
		<info compressed="false">https://raw.githubusercontent.com/zadarteam/ZadarHRrepo/master/zips/addons.xml</info>
		<checksum>https://raw.githubusercontent.com/zadarteam/ZadarHRrepo/master/zips/addons.xml.md5</checksum>
		<datadir zip="true">https://raw.githubusercontent.com/zadarteam/ZadarHRrepo/master/zips/</datadir>
	</extension>
	<extension point="xbmc.addon.metadata">
		<summary lang="en">ZadarHRrepo by ZDtim</summary>
		<description lang="en">U ovom repo cete naci najnovije addonove i buildove od nasega tima potpuno prilagodjenih za podrucje ExYu i balkana</description>
		<genre>all</genre>
		<news>
V-1.3.0
Dodana Adriana Europe
V-1.3.3
Dodan novi Kufrin addon 
V-1.3.4
Dodan PavoTV
V-1.3.5
Dodan Zorro Tv addon
V-1.3.6
Ažurirana Petrinja Tv
Uživajte
http://zadarbuild.com.hr
</news>
	</extension>
</addon>