<?xml version="1.0" encoding="UTF-8"?>
<addon
  id="pvr.zadarteamarm64kry"
  version="0.0.1zd"
  name="ZadarTeam Client"
  provider-name="Zadar Team">
  <requires>
    <c-pluff version="0.1"/>
    <import addon="xbmc.pvr" version="5.2.1"/>
  </requires>
  <extension
    point="xbmc.pvrclient"
    library_android="libpvr.stalker.so"/>
  <extension point="xbmc.addon.metadata">
    <summary lang="de_DE">PVR Client um Kodi mit ZadarTeam Middleware zu verbinden</summary>
    <summary lang="en_GB">PVR Client to connect Kodi to ZadarTeam Middleware</summary>
	<summary lang="es_ES">Cliente PVR para conectar Kodi al Middleware ZadarTeam</summary>
	<summary lang="fr_FR">Client enregistreur vidéo (PVR) pour connecter Kodi à l'intergiciel ZadarTeam</summary>
    <summary lang="hr_HR">PVR klijent za povezivanje Kodija na ZadarTeam Middleware</summary>
    <summary lang="it_IT">Client PVR per connettere Kodi a ZadarTeam Middleware</summary>
	<summary lang="pt_PT">Cliente PVR para ligar o Kodi ao ZadarTeam Middleware</summary>
    <summary lang="ru_RU">Клиент PVR для подключения ZadarTeam Middleware к Kodi</summary>
	<description lang="de_DE">PVR Client um Kodi mit ZadarTeam Middleware zu verbinden</description>
    <description lang="en_GB">PVR Client to connect Kodi to ZadarTeam Middleware</description>
	<description lang="es_ES">Cliente PVR para conectar Kodi al Middleware ZadarTeam</description>
	<description lang="fr_FR">Client enregistreur vidéo (PVR) pour connecter Kodi à l'intergiciel ZadarTeam</description>
    <description lang="hr_HR">PVR klijent za povezivanje Kodija na ZadarTeam Middleware</description>
    <description lang="it_IT">Client PVR per connettere Kodi a ZadarTeam Middleware</description>
    <description lang="pt_PT">Cliente PVR para ligar o Kodi ao Middleware ZadarTeam</description>
	<description lang="ru_RU">Клиент PVR для подключения ZadarTeam Middleware к Kodi</description>
	<disclaimer lang="de_DE">Dies ist instabile Software! Die Autoren sind in keiner Weise verantwortlich für fehlgeschlagene Aufnahmen, falsche Timer, verschwendete Zeit oder andere ungewünschte Effekte.</disclaimer>
    <disclaimer lang="en_GB">This is unstable software! The authors are in no way responsible for failed recordings, incorrect timers, wasted hours, or any other undesirable effects..</disclaimer>
    <disclaimer lang="es_ES">¡Este es un software inestable! Los autores no son de ninguna manera responsables de las grabaciones fallidas o incorrectas, las temporizadores perdidas, ni otros efectos no deseables..</disclaimer>
	<disclaimer lang="fr_FR">Logiciel en cours d'élaboration ! Les auteurs ne sont en aucun cas responsables de l'échec des enregistrements, programmations défectueuses, temps perdu ou autres effets indésirables.</disclaimer>
	<disclaimer lang="hr_HR">Ovo je nestabilan softver! Autori nisu ni na koji način odgovorni za neuspjelo snimanje, netočna vremena snimanja, izgubljene sate, ili bilo koje druge nepoželjne učinke.</disclaimer>
    <disclaimer lang="pt_PT">Este software é instável! Os autores não podem ser responsabilizados por gravações falhadas, temporizadores incorretos, horas desperdiçadas ou qualquer outro tipo de efeitos indesejáveis...</disclaimer>
	<disclaimer lang="it_IT">Questo software è instabile! Gli autori non sono in alcun modo responsabile per le fallite registrazioni, timer non corretti, ore perse o qualsiasi altro effetto non desiderato...</disclaimer>
	<disclaimer lang="ru_RU">Это тестовая программа! Авторы не несут ответственности за неудачные записи, неверные таймеры, потраченное время и прочие нежелательные эффекты..</disclaimer>
    <platform>android</platform>
  </extension>
</addon>
