<?xml version="1.0" encoding="UTF-8" standalone="yes"?>
<addon id="plugin.program.ZTB-HR.Wizard19" name="[COLOR darkcyan]Zadar [/COLOR]Wizard" version="623.1" provider-name="OpenKD">
    <requires>
        <import addon="xbmc.python" version="3.0.0" />
        <import addon="script.module.requests" />
        <import addon="script.module.six" />
        <import addon="script.kodi.android.update" optional="true" version="1.1.7" />
        <import addon="script.speedtester" optional="true" version="1.1.2" />
    </requires>
    
    <extension point="xbmc.python.pluginsource" library="default.py">
        <provides>executable</provides>
    </extension>
    
    <extension point="xbmc.service" library="startup.py" start="startup" />
    
    <extension point="xbmc.addon.metadata">
        <summary lang="en">[COLOR darkcyan]Zadar [/COLOR]Wizard</summary>
        <description lang="en"></description>
        <platform>all</platform>
        <reuselanguageinvoker>false</reuselanguageinvoker>
        <source>http://zadarbuild.com.hr/</source>
        <news>
        </news>
        <assets>
            <icon>icon.png</icon>
            <fanart>fanart.png</fanart>
        </assets>
    </extension>
</addon>
