<?xml version="1.0" encoding="UTF-8" standalone="yes"?>
<addon id="plugin.program.ZadarTeamWizard18" name="Zadar Team Wizard" version="0.0.1" provider-name="ZTBH">  <requires>
    <import addon="xbmc.python" version="2.1.1"/>
  </requires>
  <extension point="xbmc.python.pluginsource" library="default.py">
        <provides>executable</provides>
  </extension>
  <extension point="xbmc.service" library="startup.py" start="startup" />
  <extension point="xbmc.addon.metadata">
    <summary lang="en">Zadar Team Wizard</summary>
    <description lang="en">There is everything you need in this Wizard, A huge thanks to everyone who made it possible, Enjoy your stay.</description>
    <platform>all</platform>
  </extension>
</addon>